Domain (BLEU),BLEU Average,Domain (METEOR),METEOR Average,Domain (BERT-F1),BERT-F1 Average
Medicine,53.36415235426875,Medicine,0.853635197570473,Medicine,0.9443401619791985
News,48.22431512483957,News,0.824554847529818,News,0.9323716089129448
Law,43.27526156437881,Fiction,0.766322332306701,Fiction,0.9072466716170311
Nonfiction,42.6179234479112,Nonfiction,0.730819624791848,Law,0.9064701348543167
Fiction,41.588465419281675,Law,0.6752678951597088,Nonfiction,0.8562976717948914
